cuidados_thrs,cuidados_thrs_hombres,fac,ingocup,min_year_enoe,max_year_enoe
4,5.96,159,10750,2018,2023
4,3.1133671742808797,329,8600,2018,2023
4,3.1133671742808797,329,7740,2018,2023
32,2,244,13600,2018,2023
10,14,410,12000,2018,2023
17,11.534136546184738,345,10000,2018,2023
14,8,245,24000,2018,2023
10,NA,318,25000,2018,2023
35,10,321,21000,2018,2023
12,8,306,30000,2018,2023
36,9,717,17200,2018,2023
25,14,366,12900,2018,2023
7,NA,41,16000,2018,2023
15,NA,60,16000,2018,2023
43,6.041666666666667,44,9000,2018,2023
44,5.5,178,2000,2018,2023
21,6.023941068139963,265,20000,2018,2023
20,16,149,12000,2018,2023
32,16.36046511627907,140,40000,2018,2023
62,NA,40,7000,2018,2023
0,0,40,9000,2018,2023
32,11.061643835616438,40,8000,2018,2023
18,12.333333333333334,45,18000,2018,2023
38,8,25,5400,2018,2023
23,5.45,34,5590,2018,2023
5,8,31,15000,2018,2023
56,15.632352941176471,35,14000,2018,2023
65,9,37,5000,2018,2023
50,4.545454545454546,50,8000,2018,2023
7,2,54,10000,2018,2023
9,7.5,41,5400,2018,2023
27,8,36,16000,2018,2023
36,34,41,10000,2018,2023
71,10.946188340807176,41,30000,2018,2023
20,2.5,69,4300,2018,2023
14,14,111,16000,2018,2023
18,NA,103,15000,2018,2023
14,3,235,5000,2018,2023
42,NA,178,24000,2018,2023
0,1.7041420118343196,121,19000,2018,2023
35,9.697368421052632,120,18000,2018,2023
17,14,142,16000,2018,2023
18,0,103,6000,2018,2023
29,0,134,20000,2018,2023
4,7,145,10000,2018,2023
11,9,227,30000,2018,2023
54,9,573,12040,2018,2023
16,11.836298932384341,303,8600,2018,2023
80,3.927710843373494,40,10000,2018,2023
5,26.6536312849162,100,56000,2018,2023
14,11.025,57,7000,2018,2023
20,5,43,27000,2018,2023
27,NA,39,10000,2018,2023
8,8.666666666666666,44,10000,2018,2023
13,3.5522388059701493,34,10000,2018,2023
8,14,74,4000,2018,2023
9,4.197231833910035,162,20000,2018,2023
15,4.768041237113402,108,20000,2018,2023
29,1.271523178807947,82,11500,2018,2023
24,31.053731343283584,103,2600,2018,2023
36,15,84,2500,2018,2023
53,3.8273092369477912,91,10000,2018,2023
24,3.6,110,5000,2018,2023
28,19.415730337078653,90,15000,2018,2023
40,21.589285714285715,89,6000,2018,2023
24,0.9357798165137615,68,4500,2018,2023
38,7.172932330827067,75,8000,2018,2023
0,0,108,22000,2018,2023
12,8.139664804469273,92,8400,2018,2023
19,3,97,7000,2018,2023
27,0.9219330855018587,145,16000,2018,2023
52,11.327935222672064,85,6000,2018,2023
25,10.12054794520548,89,20000,2018,2023
27,4,467,8000,2018,2023
10,0,512,3000,2018,2023
38,17,341,30000,2018,2023
21,4.92831541218638,142,12000,2018,2023
6,6.8325,121,10000,2018,2023
12,5,164,6000,2018,2023
45,12,163,11000,2018,2023
10,14.825242718446601,1120,15000,2018,2023
25,NA,1041,8400,2018,2023
38,2.956923076923077,947,17200,2018,2023
16,8,945,5000,2018,2023
0,6.061728395061729,2041,20000,2018,2023
10,4.192143467122118,1274,20000,2018,2023
28,5.82089552238806,60,30000,2018,2023
35,13,90,5000,2018,2023
25,11,95,12000,2018,2023
36,3.0952380952380953,70,8600,2018,2023
40,16.25441696113074,93,9000,2018,2023
6,8.5,207,8000,2018,2023
5,NA,337,10000,2018,2023
14,10,181,16000,2018,2023
7,2.99290780141844,142,8000,2018,2023
4,2.99290780141844,142,8000,2018,2023
0,0,132,9000,2018,2023
21,0,185,9600,2018,2023
294,196,159,8600,2018,2023
19,6,403,14000,2018,2023
29,8.5,1240,10000,2018,2023
20,5.785403996524761,458,4000,2018,2023
55,7,382,2400,2018,2023
55,25.613707165109034,143,12000,2018,2023
52,6.699421965317919,56,12000,2018,2023
30,7,71,12900,2018,2023
17,12,64,15000,2018,2023
23,16.00395256916996,81,7000,2018,2023
24,18.237704918032787,55,30000,2018,2023
4,14,74,20000,2018,2023
9,16.485507246376812,61,12000,2018,2023
16,7.34453781512605,66,9400,2018,2023
29,12.360594795539033,71,17000,2018,2023
50,20,314,10000,2018,2023
28,1.3497604380561259,484,10000,2018,2023
3,4.333682008368201,318,6400,2018,2023
2,10,482,20000,2018,2023
22,11.19047619047619,416,7600,2018,2023
38,16,402,14800,2018,2023
48,9.505016722408026,447,8600,2018,2023
15,6.230088495575221,880,4300,2018,2023
7,5.844455308400554,5291,7000,2018,2023
5,7.277966101694915,1977,3000,2018,2023
13,3.7940552016985136,187,12000,2018,2023
13,5.46925566343042,140,14000,2018,2023
23,3.745542032267195,1203,8000,2018,2023
3,7.1658536585365855,94,14000,2018,2023
9,1.668421052631579,127,9000,2018,2023
40,13.793103448275861,123,6400,2018,2023
33,9.574074074074074,77,10000,2018,2023
54,34,79,25000,2018,2023
17,4.454545454545454,98,7000,2018,2023
4,NA,135,50000,2018,2023
24,8.110726643598616,91,30000,2018,2023
21,NA,136,15000,2018,2023
0,3.4138559708295353,562,17200,2018,2023
6,13,372,8000,2018,2023
38,17,135,25800,2018,2023
8,7.623978201634878,129,15000,2018,2023
10,0,109,8000,2018,2023
9,3.234782608695652,93,8000,2018,2023
44,9.185185185185185,62,12000,2018,2023
35,6.198952879581152,60,15000,2018,2023
8,6.5528455284552845,68,16000,2018,2023
37,12.828125,70,21000,2018,2023
21,NA,54,3870,2018,2023
0,10.333333333333334,61,7000,2018,2023
21,26.870967741935484,56,3750,2018,2023
48,45,123,16140,2018,2023
45,34,68,16000,2018,2023
4,11,48,18000,2018,2023
28,2,33,20000,2018,2023
17,4,65,12000,2018,2023
98,28,51,18000,2018,2023
0,0,142,7000,2018,2023
15,0,182,9000,2018,2023
53,19.679775280898877,189,10000,2018,2023
7,29.975824175824176,402,14000,2018,2023
5,10,73,10000,2018,2023
23,3,61,10000,2018,2023
21,0,88,5590,2018,2023
9,13.686046511627907,83,8000,2018,2023
19,6.6770186335403725,107,24000,2018,2023
5,6,76,5000,2018,2023
47,8.5,55,6000,2018,2023
22,0,65,11000,2018,2023
27,12.418555240793202,387,8000,2018,2023
15,6.119047619047619,148,8000,2018,2023
9,4.6113074204946995,338,8000,2018,2023
14,12.306397306397306,206,20000,2018,2023
53,6.766519823788546,190,15000,2018,2023
44,NA,308,10000,2018,2023
11,8,132,10000,2018,2023
28,NA,261,7310,2018,2023
18,36,250,20000,2018,2023
12,4.8368678629690045,196,10000,2018,2023
3,5.50896860986547,173,14000,2018,2023
44,9.672955974842766,233,7600,2018,2023
16,9.333333333333334,193,10600,2018,2023
45,7.062717770034843,139,10000,2018,2023
5,2,190,25000,2018,2023
21,6,218,12000,2018,2023
10,2,218,18000,2018,2023
20,5,164,14000,2018,2023
33,6,179,2320,2018,2023
55,NA,114,11000,2018,2023
8,3,244,10000,2018,2023
15,NA,261,12000,2018,2023
2,3.6666666666666665,149,4000,2018,2023
76,NA,182,5000,2018,2023
16,17.24878048780488,137,10000,2018,2023
0,0,185,10000,2018,2023
5,0,171,12000,2018,2023
3,3,219,25000,2018,2023
0,3,219,25000,2018,2023
17,3,228,28000,2018,2023
102,NA,113,3000,2018,2023
14,3,160,60000,2018,2023
24,NA,519,12000,2018,2023
29,25,614,52000,2018,2023
42,7,383,16000,2018,2023
41,NA,119,10000,2018,2023
10,0,111,30000,2018,2023
5,12,117,21500,2018,2023
8,16,142,12000,2018,2023
30,2.930957683741648,160,40000,2018,2023
32,7.863468634686347,117,32000,2018,2023
37,44,615,7000,2018,2023
42,NA,71,21500,2018,2023
29,8.128440366972477,58,6000,2018,2023
34,13.410714285714286,58,6400,2018,2023
40,NA,62,10000,2018,2023
48,4,68,40000,2018,2023
20,7.042016806722689,62,4000,2018,2023
10,2.784561403508772,383,3000,2018,2023
21,8,346,8000,2018,2023
37,7,491,14000,2018,2023
18,9.03976801988401,397,8000,2018,2023
67,31.42222222222222,184,15000,2018,2023
6,NA,132,20000,2018,2023
9,13,198,2250,2018,2023
113,12,143,12900,2018,2023
13,9.090638930163447,204,52000,2018,2023
24,3.584817518248175,701,12000,2018,2023
7,7.666666666666667,343,21500,2018,2023
14,14,85,7000,2018,2023
7,11.890625,112,12000,2018,2023
15,7.817427385892116,95,6000,2018,2023
2,3.3098591549295775,143,7000,2018,2023
24,18.246268656716417,167,7000,2018,2023
23,5,127,12000,2018,2023
49,22.193979933110366,111,8600,2018,2023
26,NA,122,4000,2018,2023
75,5,136,5000,2018,2023
3,3.05,117,4000,2018,2023
33,5.179591836734694,156,16000,2018,2023
35,5.179591836734694,156,4000,2018,2023
32,13.064516129032258,252,8600,2018,2023
18,7.5,165,12000,2018,2023
31,9,191,5000,2018,2023
1,196,156,22000,2018,2023
8,8.03921568627451,98,6000,2018,2023
11,1.5,134,6020,2018,2023
32,50.50877192982456,155,7000,2018,2023
5,5,160,16000,2018,2023
22,14.378048780487806,390,15000,2018,2023
24,8.875,162,25000,2018,2023
30,7.888888888888889,188,2150,2018,2023
45,14.383783783783784,56,14000,2018,2023
30,13.29496402877698,47,9000,2018,2023
30,NA,40,12000,2018,2023
20,NA,62,22000,2018,2023
55,0,26,14000,2018,2023
49,14,39,1200,2018,2023
38,40,61,10000,2018,2023
22,1,42,16000,2018,2023
66,38.11340206185567,53,15400,2018,2023
70,16.25,39,20000,2018,2023
82,8.647368421052631,43,2500,2018,2023
67,38.113207547169814,74,7000,2018,2023
47,8.987341772151899,35,10800,2018,2023
7,9.5,39,24000,2018,2023
71,20.169847328244273,271,8000,2018,2023
32,13.736893203883495,271,9460,2018,2023
46,0,273,8000,2018,2023
17,0.5910165484633569,125,20000,2018,2023
7,7,125,10000,2018,2023
72,26,109,12000,2018,2023
54,2,116,8600,2018,2023
8,10.39344262295082,138,22000,2018,2023
6,4.54601226993865,252,7740,2018,2023
3,NA,309,20000,2018,2023
6,NA,273,18000,2018,2023
22,2,151,10000,2018,2023
392,297,385,100000,2018,2023
116,10,139,43000,2018,2023
106,120,133,25000,2018,2023
3,14,161,65000,2018,2023
59,43,316,34400,2018,2023
3,2,277,8600,2018,2023
12,0,298,25000,2018,2023
16,29,53,19000,2018,2023
9,5,51,20000,2018,2023
45,20.398496240601503,53,12000,2018,2023
86,13.298245614035087,74,5000,2018,2023
59,18.772727272727273,59,22000,2018,2023
13,NA,74,58000,2018,2023
22,6.802816901408451,48,17000,2018,2023
6,4.473118279569892,49,10750,2018,2023
10,2.3333333333333335,42,38000,2018,2023
15,15.078260869565218,56,14000,2018,2023
5,NA,45,32000,2018,2023
36,13.23913043478261,58,28000,2018,2023
0,10,43,20000,2018,2023
52,17,48,15000,2018,2023
32,23,41,92000,2018,2023
12,9.322429906542055,63,1400,2018,2023
47,28.349514563106798,33,2150,2018,2023
24,14.711711711711711,34,8000,2018,2023
42,15.62135922330097,39,8000,2018,2023
24,16.985294117647058,39,16000,2018,2023
30,27.57894736842105,40,5000,2018,2023
69,12.121827411167512,49,8000,2018,2023
21,7.666666666666667,32,14000,2018,2023
46,16,39,12800,2018,2023
6,9,49,5590,2018,2023
9,18,42,13800,2018,2023
23,21.52777777777778,38,12000,2018,2023
64,15,51,10000,2018,2023
23,1,22,4000,2018,2023
9,7,25,10000,2018,2023
5,NA,18,10800,2018,2023
0,1,43,12000,2018,2023
14,2,66,16400,2018,2023
15,NA,49,6000,2018,2023
14,7,25,6000,2018,2023
2,4.5,25,26000,2018,2023
0,5,25,10000,2018,2023
4,3,22,12000,2018,2023
5,NA,106,12000,2018,2023
26,20,220,24000,2018,2023
14,18.933333333333334,144,16000,2018,2023
12,18.933333333333334,144,16000,2018,2023
20,18.650205761316872,113,15000,2018,2023
48,0,120,30900,2018,2023
0,NA,124,8000,2018,2023
18,14.514285714285714,131,20000,2018,2023
33,18.502304147465438,109,15000,2018,2023
44,24.61764705882353,133,11000,2018,2023
36,14.636678200692042,123,17000,2018,2023
29,10.04,102,14000,2018,2023
78,16.208413001912046,209,5000,2018,2023
30,15.185185185185185,113,4300,2018,2023
20,23,103,7000,2018,2023
18,8.33405172413793,154,9000,2018,2023
24,55,276,15000,2018,2023
43,3.1774193548387095,197,10000,2018,2023
12,NA,69,7000,2018,2023
16,0,41,20000,2018,2023
22,8.523809523809524,62,30000,2018,2023
24,0,44,16000,2018,2023
55,4,44,5600,2018,2023
24,8.36774193548387,41,14000,2018,2023
121,14.407894736842104,41,7000,2018,2023
0,0.4875,41,7000,2018,2023
37,36.40425531914894,51,14000,2018,2023
52,12,47,22000,2018,2023
22,5,60,20000,2018,2023
6,0,137,10000,2018,2023
25,NA,106,8000,2018,2023
12,0,96,10000,2018,2023
21,13,79,12000,2018,2023
28,9.169811320754716,84,10000,2018,2023
26,12.07857142857143,116,7000,2018,2023
52,11,62,15000,2018,2023
28,20,169,12900,2018,2023
10,16.67924528301887,81,12000,2018,2023
38,0,85,10000,2018,2023
34,13.873655913978494,121,12000,2018,2023
45,12,88,11000,2018,2023
21,1,76,6000,2018,2023
26,4.421052631578948,105,10400,2018,2023
54,0,72,3000,2018,2023
16,7,96,5000,2018,2023
23,10,64,16000,2018,2023
19,13.442553191489361,101,3600,2018,2023
55,38,86,20000,2018,2023
24,24,116,4700,2018,2023
43,43,51,15000,2018,2023
26,9,34,18000,2018,2023
24,9,34,18000,2018,2023
34,6,34,15000,2018,2023
7,4,38,20000,2018,2023
16,7,45,4000,2018,2023
16,2.670616113744076,561,2150,2018,2023
49,7,462,8400,2018,2023
20,0,518,7000,2018,2023
15,4,120,32000,2018,2023
19,21.394422310756973,120,20000,2018,2023
33,7,130,16000,2018,2023
0,4,147,12000,2018,2023
9,10.08695652173913,140,18000,2018,2023
24,18.106796116504853,175,15000,2018,2023
15,6.484567901234568,161,11000,2018,2023
12,6,130,20000,2018,2023
0,NA,227,8000,2018,2023
12,NA,180,10400,2018,2023
37,24,2049,14000,2018,2023
9,8.92469225199131,1312,25800,2018,2023
42,3.255396747166092,1809,5000,2018,2023
16,9,790,10000,2018,2023
8,6.490433971068596,1051,20000,2018,2023
14,4,1484,80000,2018,2023
26,15,808,20000,2018,2023
4,6.7163083377031985,916,26000,2018,2023
5,11,889,12000,2018,2023
0,15,1155,14000,2018,2023
6,3.8238507055075104,1034,12000,2018,2023
26,16,1546,8000,2018,2023
41,3,72,11000,2018,2023
31,7.475,126,36000,2018,2023
9,10,95,24000,2018,2023
3,4,53,8000,2018,2023
11,14.769953051643192,77,12000,2018,2023
49,132,91,30000,2018,2023
8,0,92,13000,2018,2023
10,5.379888268156424,107,8000,2018,2023
37,24,108,20000,2018,2023
1,6.44758064516129,123,6450,2018,2023
49,7.5589123867069485,278,6880,2018,2023
5,NA,134,6450,2018,2023
51,37,246,10000,2018,2023
59,0,150,10000,2018,2023
1,5.915760869565218,201,2000,2018,2023
15,7.952182952182953,145,28000,2018,2023
21,3.8133333333333335,78,14000,2018,2023
13,4.379310344827586,135,6000,2018,2023
38,16,77,6450,2018,2023
16,30,64,20000,2018,2023
17,8,65,7000,2018,2023
44,14.201970443349754,61,5000,2018,2023
14,NA,88,3600,2018,2023
23,23,59,20000,2018,2023
16,23,59,17200,2018,2023
27,12,40,18000,2018,2023
23,2,70,12000,2018,2023
7,4.967637540453074,76,18000,2018,2023
9,9,47,12000,2018,2023
33,19,50,14000,2018,2023
5,NA,71,40000,2018,2023
50,32,70,15000,2018,2023
5,16.362204724409448,59,40000,2018,2023
10,6.1875,78,9400,2018,2023
46,21.08,70,20000,2018,2023
9,1.3497604380561259,493,7000,2018,2023
3,5.04,378,9000,2018,2023
39,NA,855,35000,2018,2023
37,19.39108910891089,445,22000,2018,2023
27,4,942,1960,2018,2023
14,0,989,20000,2018,2023
46,3.5,1385,10000,2018,2023
32,30,2291,12000,2018,2023
19,1.9087719298245613,149,10000,2018,2023
17,2,137,8600,2018,2023
6,5.2014787430683915,139,16000,2018,2023
25,3.396039603960396,104,8000,2018,2023
7,4,111,8000,2018,2023
6,11.863636363636363,112,3000,2018,2023
48,18.5974025974026,144,10000,2018,2023
30,3,125,10000,2018,2023
12,3.3333333333333335,94,24000,2018,2023
5,6.935779816513762,192,5000,2018,2023
28,16,116,24000,2018,2023
3,7.420612813370473,72,60000,2018,2023
5,10,111,5000,2018,2023
23,4.707692307692308,153,6000,2018,2023
33,14.402985074626866,164,19500,2018,2023
37,0,1040,30000,2018,2023
20,0,165,15000,2018,2023
13,11,124,12000,2018,2023
12,1.9377777777777778,109,10750,2018,2023
13,0,211,12000,2018,2023
24,10,212,1200,2018,2023
75,14,167,7000,2018,2023
37,0,52,8000,2018,2023
18,3,67,16000,2018,2023
12,4.071428571428571,56,10000,2018,2023
18,3.5,62,20000,2018,2023
22,21,61,3000,2018,2023
26,1.4311926605504588,62,12000,2018,2023
22,10,56,12000,2018,2023
10,10.409090909090908,57,13000,2018,2023
27,28.476683937823836,46,10400,2018,2023
18,NA,59,12000,2018,2023
58,10.09375,68,5000,2018,2023
68,20.307692307692307,55,1000,2018,2023
4,1.3333333333333333,183,10000,2018,2023
54,11,167,13000,2018,2023
15,7,200,16000,2018,2023
24,0,173,8400,2018,2023
9,5.348336594911937,178,12000,2018,2023
0,17.165371809101,494,8600,2018,2023
32,14,443,12000,2018,2023
5,3.5,369,25800,2018,2023
14,0,435,20000,2018,2023
3,15.172291296625222,498,10000,2018,2023
23,0,59,14000,2018,2023
1,3,66,30000,2018,2023
14,NA,128,50000,2018,2023
12,16.5,69,4000,2018,2023
18,5.761421319796955,61,15000,2018,2023
36,14.219895287958115,78,4300,2018,2023
31,7.563517915309446,79,17000,2018,2023
17,30,93,12000,2018,2023
2,0.5,74,10000,2018,2023
76,0,80,5000,2018,2023
32,7,389,6000,2018,2023
36,25,324,16000,2018,2023
12,3.7035490605427976,259,11000,2018,2023
27,8.37628111273792,171,12900,2018,2023
3,1.930232558139535,200,7000,2018,2023
13,16,201,14000,2018,2023
21,7,188,8000,2018,2023
48,11,334,17000,2018,2023
7,7.02112676056338,849,7000,2018,2023
51,5.320873427091044,1166,16000,2018,2023
55,11.314935064935066,157,17300,2018,2023
12,4,189,14000,2018,2023
27,1,235,26000,2018,2023
134,6,252,14000,2018,2023
103,134.64921465968587,128,24000,2018,2023
5,2.5,119,14000,2018,2023
51,6,308,12800,2018,2023
53,1,228,9600,2018,2023
6,2.5,381,10000,2018,2023
24,4,256,14000,2018,2023
23,0.6788154897494305,149,14000,2018,2023
39,14,182,8000,2018,2023
26,7,115,10000,2018,2023
0,7,115,4000,2018,2023
14,5,133,20000,2018,2023
7,1.7685352622061483,163,20000,2018,2023
18,16,312,8000,2018,2023
36,5,209,30000,2018,2023
16,NA,101,12000,2018,2023
9,9,102,9000,2018,2023
19,5.027397260273973,98,17200,2018,2023
21,11.305755395683454,107,16000,2018,2023
27,11.402061855670103,96,12000,2018,2023
17,8,123,15000,2018,2023
35,NA,99,5000,2018,2023
28,15,172,14000,2018,2023
28,NA,120,14000,2018,2023
23,9.034220532319392,133,40000,2018,2023
13,NA,108,24000,2018,2023
23,3.2688802083333335,494,9000,2018,2023
36,NA,511,10000,2018,2023
7,2,517,5590,2018,2023
2,1.1931540342298288,158,30000,2018,2023
86,3.8251121076233185,105,8000,2018,2023
12,4.6878306878306875,124,30000,2018,2023
42,2.4512534818941503,110,20000,2018,2023
24,13,136,25000,2018,2023
47,32.79710144927536,109,18000,2018,2023
30,7.465116279069767,114,20000,2018,2023
14,54.261802575107296,118,20000,2018,2023
103,29.714285714285715,102,14000,2018,2023
31,0,165,30000,2018,2023
31,29.617100371747213,145,22000,2018,2023
23,4,416,6000,2018,2023
5,1.7816742081447965,630,10000,2018,2023
39,18,60,10000,2018,2023
48,10.270588235294118,31,13000,2018,2023
48,5.485148514851486,44,6000,2018,2023
18,11,69,20000,2018,2023
22,13.467105263157896,46,14000,2018,2023
23,NA,64,10000,2018,2023
6,NA,64,24000,2018,2023
46,16.903553299492387,57,1000,2018,2023
53,8.857142857142858,62,6000,2018,2023
21,NA,44,8000,2018,2023
4,13.063829787234043,76,4000,2018,2023
48,10,69,3000,2018,2023
15,4,60,5000,2018,2023
17,0,82,4000,2018,2023
14,1,302,10000,2018,2023
6,0,367,40850,2018,2023
43,NA,414,3000,2018,2023
27,NA,414,7600,2018,2023
35,4.360934182590234,514,13000,2018,2023
49,10,126,10000,2018,2023
12,14,124,20000,2018,2023
5,6,127,8600,2018,2023
99,NA,689,6000,2018,2023
31,3.101596516690856,298,14000,2018,2023
28,20,77,3000,2018,2023
15,4.5,91,17200,2018,2023
14,7,101,14000,2018,2023
13,2,143,16000,2018,2023
9,3,132,9000,2018,2023
24,6,95,8600,2018,2023
14,6,95,6000,2018,2023
27,NA,50,4490,2018,2023
13,NA,38,12000,2018,2023
25,21,31,6400,2018,2023
0,17,1039,1500,2018,2023
33,5.527932960893855,181,8000,2018,2023
30,14.235849056603774,144,3600,2018,2023
16,5,219,7000,2018,2023
10,9.765171503957784,145,25800,2018,2023
10,5.333333333333333,189,10000,2018,2023
15,8,165,30000,2018,2023
16,3,66,800,2018,2023
6,1,202,5600,2018,2023
16,56.5,160,8000,2018,2023
45,1,183,15000,2018,2023
104,15,142,24000,2018,2023
7,6.777580071174377,155,9460,2018,2023
41,10.866666666666667,39,14000,2018,2023
39,10,41,6400,2018,2023
31,10,49,12000,2018,2023
20,5.845360824742268,46,8000,2018,2023
21,21.382022471910112,46,30000,2018,2023
76,36.1981981981982,55,8000,2018,2023
42,16.415584415584416,38,12000,2018,2023
66,12.944444444444445,34,12000,2018,2023
36,25,39,18000,2018,2023
4,7.247191011235955,46,12000,2018,2023
1,7.136363636363637,41,12040,2018,2023
11,5.170212765957447,43,6000,2018,2023
29,13,65,11500,2018,2023
32,18.666666666666668,48,5600,2018,2023
33,15.766990291262136,196,10000,2018,2023
94,21.265210608424336,251,6600,2018,2023
23,NA,235,12000,2018,2023
55,6.331536388140162,123,22000,2018,2023
22,9.57920792079208,113,16000,2018,2023
38,34.780392156862746,170,6450,2018,2023
18,12.450901803607215,112,27000,2018,2023
40,91.43406593406593,71,10000,2018,2023
19,NA,337,19350,2018,2023
63,58.22742474916388,166,8600,2018,2023
6,0,172,32000,2018,2023
294,198,227,24000,2018,2023
196,197.01639344262296,186,35000,2018,2023
7,4.549512987012987,185,40000,2018,2023
14,NA,129,30000,2018,2023
5,14.5,37,10000,2018,2023
8,NA,29,32000,2018,2023
5,NA,29,32000,2018,2023
7,NA,29,32000,2018,2023
30,56.395348837209305,63,24000,2018,2023
0,3.08,49,18000,2018,2023
4,7.295081967213115,49,20000,2018,2023
1,NA,19,15000,2018,2023
42,NA,19,15000,2018,2023
25,7,149,24000,2018,2023
34,3.9398496240601504,51,12000,2018,2023
20,7.413793103448276,31,14000,2018,2023
86,14.816793893129772,35,8000,2018,2023
34,6.630434782608695,33,12000,2018,2023
31,20.36842105263158,38,2000,2018,2023
12,7,44,14000,2018,2023
18,14.722222222222221,34,8600,2018,2023
98,4.274074074074074,46,8000,2018,2023
8,9.946601941747574,30,12000,2018,2023
118,6.181818181818182,32,20000,2018,2023
24,16.77314814814815,50,9000,2018,2023
67,1.368421052631579,26,9800,2018,2023
39,31.65686274509804,25,2000,2018,2023
28,8.176972281449894,114,16000,2018,2023
9,9.846808510638297,182,26000,2018,2023
65,4.550827423167848,148,24000,2018,2023
30,15.861915367483297,175,3000,2018,2023
26,13,170,18000,2018,2023
16,9.966071428571428,170,9000,2018,2023
7,0,125,16000,2018,2023
6,8.591093117408906,136,16000,2018,2023
19,0.8692307692307693,126,6000,2018,2023
42,8,231,18800,2018,2023
59,52.556280587275694,999,10000,2018,2023
27,7.336182336182336,233,21500,2018,2023
9,5,350,22000,2018,2023
28,7,350,16000,2018,2023
37,15.401242236024844,372,13000,2018,2023
12,12.217672413793103,257,63000,2018,2023
9,71.76470588235294,54,10000,2018,2023
7,2.8306451612903225,39,9000,2018,2023
12,5.835820895522388,38,12000,2018,2023
2,8.306930693069306,35,14000,2018,2023
36,4.642857142857143,45,50000,2018,2023
22,8,95,30000,2018,2023
12,12,95,28000,2018,2023
9,14.592783505154639,37,26000,2018,2023
62,7.3559322033898304,20,12000,2018,2023
4,5.333333333333333,71,10000,2018,2023
5,10.5,75,10000,2018,2023
9,52,75,8000,2018,2023
8,12,75,10000,2018,2023
17,8.545454545454545,55,14000,2018,2023
32,13.328330206378986,88,9000,2018,2023
49,4.470588235294118,55,15000,2018,2023
36,9.308282208588958,132,10000,2018,2023
20,4.965116279069767,64,8000,2018,2023
31,0,104,9000,2018,2023
24,11.006622516556291,81,25000,2018,2023
14,8,96,5000,2018,2023
12,NA,88,6000,2018,2023
3,8.611764705882353,113,13600,2018,2023
24,11.36734693877551,96,9600,2018,2023
11,1,73,20000,2018,2023
12,12,74,20000,2018,2023
11,5.2719665271966525,113,6000,2018,2023
16,4.405857740585774,74,12000,2018,2023
16,1.5298013245033113,37,6000,2018,2023
27,0,29,10000,2018,2023
17,11.344827586206897,28,20000,2018,2023
10,11.42608695652174,41,11000,2018,2023
12,0.25889741800418703,531,1000,2018,2023
31,5.5,117,10000,2018,2023
16,15.306930693069306,165,3000,2018,2023
73,4.690537084398977,145,30000,2018,2023
10,6.463556851311953,184,15000,2018,2023
3,7.061538461538461,153,30000,2018,2023
21,7.7200699825043735,1979,14000,2018,2023
5,NA,940,26000,2018,2023
1,3.658257972394098,1422,28000,2018,2023
16,6.667805755395683,1769,26000,2018,2023
46,8.203152364273205,769,16000,2018,2023
5,4,932,7000,2018,2023
0,12.278509703924069,1184,40000,2018,2023
17,8.92890747516989,965,40000,2018,2023
22,12,1591,14000,2018,2023
32,3,125,16000,2018,2023
17,3.7209302325581395,125,40000,2018,2023
10,12,160,6000,2018,2023
31,2.2529644268774702,74,15000,2018,2023
30,1.0554089709762533,107,10000,2018,2023
48,19.949656750572082,319,12900,2018,2023
5,4.608333333333333,150,10000,2018,2023
0,0,150,6450,2018,2023
11,0,91,5000,2018,2023
75,NA,253,10000,2018,2023
49,17.345565749235472,294,10000,2018,2023
16,2.761764705882353,473,6000,2018,2023
5,3.4893617021276597,599,20000,2018,2023
25,13.122334455667788,127,10000,2018,2023
34,2,125,6450,2018,2023
7,5.25,96,12000,2018,2023
0,5.25,96,12000,2018,2023
38,20,91,20000,2018,2023
71,35,90,8000,2018,2023
25,11.640625,55,8600,2018,2023
0,0,71,7740,2018,2023
39,12.518987341772151,112,12000,2018,2023
21,8,94,6000,2018,2023
18,12.380392156862746,49,16000,2018,2023
6,14.848484848484848,47,12000,2018,2023
0,11,66,7740,2018,2023
3,3.6042780748663104,58,18000,2018,2023
20,9.329564725833805,504,12000,2018,2023
0,19.083644112946192,441,9000,2018,2023
14,14.792531120331951,409,7740,2018,2023
24,7.142857142857143,356,12600,2018,2023
3,7.529561347743166,658,9600,2018,2023
14,9.797455968688846,329,7740,2018,2023
47,8.062529606821412,481,12900,2018,2023
23,6.857528696826469,447,12000,2018,2023
10,7.760060744115414,730,9000,2018,2023
40,NA,1495,14000,2018,2023
35,NA,1495,24000,2018,2023
12,5.991432488005483,1139,8000,2018,2023
16,NA,1601,18000,2018,2023
16,NA,1601,12000,2018,2023
16,10.013954535223947,1601,5000,2018,2023
9,0,1626,12000,2018,2023
21,5.995901639344262,266,3000,2018,2023
39,8.5,248,30000,2018,2023
18,11.5,220,14000,2018,2023
14,5.2972699696663295,280,9000,2018,2023
8,3.6751918158567776,108,20000,2018,2023
45,16.71814671814672,220,16000,2018,2023
5,11.704697986577182,220,14000,2018,2023
49,1.0180806675938805,462,4307,2018,2023
12,11.889575971731448,503,12800,2018,2023
15,7.186544342507645,194,4000,2018,2023
25,3.314787701317716,175,10000,2018,2023
18,NA,231,5000,2018,2023
24,6.524105754276827,185,4200,2018,2023
39,7.488529014844804,185,16000,2018,2023
13,5.556569343065694,215,6000,2018,2023
37,9.041407867494824,361,4300,2018,2023
2,4.267045454545454,141,12900,2018,2023
18,11.570707070707071,157,7000,2018,2023
45,15.992857142857142,235,7000,2018,2023
73,11.095744680851064,191,16000,2018,2023
36,8,69,8000,2018,2023
22,14.5,69,14000,2018,2023
29,8,54,12000,2018,2023
16,1.5,53,30000,2018,2023
31,21.205479452054796,68,8000,2018,2023
11,27.069565217391304,64,15000,2018,2023
0,27.069565217391304,64,13000,2018,2023
6,1.5,84,8000,2018,2023
77,12.63843648208469,68,15600,2018,2023
10,11,63,10000,2018,2023
22,0,56,9800,2018,2023
7,6.868421052631579,87,10000,2018,2023
30,NA,69,21120,2018,2023
26,5.792760823278921,583,40000,2018,2023
33,18.54860639021074,420,13000,2018,2023
0,16.553750966744005,666,60000,2018,2023
0,10,666,6000,2018,2023
3,4,666,60000,2018,2023
37,4,435,12000,2018,2023
13,51.93063583815029,459,6450,2018,2023
7,1.2245322245322245,589,30000,2018,2023
17,2.2131782945736433,511,25000,2018,2023
24,5.198887343532684,534,10000,2018,2023
0,14,501,16000,2018,2023
24,22.63917525773196,798,16000,2018,2023
56,2.845464725643897,465,30000,2018,2023
0,5.211895910780669,383,20000,2018,2023
2,4,535,52000,2018,2023
46,6.306027820710974,120,12000,2018,2023
16,13.92896174863388,96,3000,2018,2023
45,NA,95,12000,2018,2023
21,1,65,30000,2018,2023
5,13.278145695364238,117,21000,2018,2023
18,26.897540983606557,92,26000,2018,2023
34,46.358695652173914,74,24000,2018,2023
30,11.907216494845361,50,2000,2018,2023
4,7.014285714285714,71,12000,2018,2023
53,4.500457456541628,365,2580,2018,2023
46,6.650301065308013,270,14000,2018,2023
42,7.541409147095179,668,15000,2018,2023
14,17.316568047337277,342,12000,2018,2023
29,1.5,737,12300,2018,2023
38,7.036296296296296,198,12000,2018,2023
15,NA,477,5000,2018,2023
5,2.422360248447205,166,14000,2018,2023
66,26.602678571428573,153,18200,2018,2023
17,10.520787746170678,123,22000,2018,2023
6,32.666666666666664,381,6000,2018,2023
52,28.361945636623748,461,20000,2018,2023
7,3.7553750597228857,420,24000,2018,2023
36,NA,382,8600,2018,2023
50,13.743486973947896,166,10000,2018,2023
13,9.778580814717477,484,15600,2018,2023
21,2.92258064516129,149,13000,2018,2023
30,NA,180,6000,2018,2023
8,9.223529411764705,173,5590,2018,2023
31,11.596034696406443,215,20000,2018,2023
10,11.280465949820789,159,18000,2018,2023
18,NA,311,1500,2018,2023
12,NA,311,15000,2018,2023
22,38.614285714285714,147,6000,2018,2023
16,2.7463312368972748,262,10000,2018,2023
14,NA,256,12000,2018,2023
30,6.544502617801047,127,20000,2018,2023
9,10,120,14000,2018,2023
1,1,172,5160,2018,2023
0,0,254,9000,2018,2023
23,15.392156862745098,100,16000,2018,2023
47,6.135135135135135,81,13400,2018,2023
43,4,352,13000,2018,2023
2,2.8127659574468087,94,10000,2018,2023
44,49.02242152466368,98,6000,2018,2023
197,0,104,15000,2018,2023
14,6.206896551724138,126,18000,2018,2023
66,24,92,8400,2018,2023
108,38,92,8560,2018,2023
14,NA,1360,10000,2018,2023
54,20.650067658998648,571,8000,2018,2023
9,0,648,22000,2018,2023
73,21.700189753320682,124,15000,2018,2023
8,1.3270622286541245,133,12000,2018,2023
20,1.5,165,7000,2018,2023
70,24,249,17000,2018,2023
17,20,160,30000,2018,2023
13,48.971830985915496,131,20000,2018,2023
9,NA,140,12000,2018,2023
17,5.552631578947368,193,18000,2018,2023
144,66.16461916461917,145,8800,2018,2023
24,NA,196,22000,2018,2023
31,NA,196,22000,2018,2023
31,NA,196,11250,2018,2023
48,43.59304703476483,179,20000,2018,2023
51,18,56,10000,2018,2023
40,13,34,9500,2018,2023
9,9.095588235294118,41,8000,2018,2023
15,2.351706036745407,157,6000,2018,2023
2,13,56,5000,2018,2023
29,0,148,6600,2018,2023
23,1.3235294117647058,75,16000,2018,2023
8,14.12295081967213,48,7000,2018,2023
18,11.5,888,12000,2018,2023
10,16.654867256637168,247,500,2018,2023
15,14.155672823218998,131,16000,2018,2023
14,9.129817444219068,189,10000,2018,2023
47,13.72680412371134,230,8000,2018,2023
10,7.651612903225806,80,15050,2018,2023
21,3.573248407643312,79,16000,2018,2023
5,14.65358361774744,437,6000,2018,2023
3,0,437,10000,2018,2023
21,17.474969474969473,401,5200,2018,2023
15,4.431192660550459,212,10000,2018,2023
46,4,143,12900,2018,2023
48,11.5,192,15000,2018,2023
7,3.909090909090909,32,7000,2018,2023
34,13.4,30,10000,2018,2023
6,2.102312475709289,3091,20000,2018,2023
16,22.563218390804597,2431,20000,2018,2023
27,28.719424460431654,498,8000,2018,2023
5,6.923832923832924,219,4400,2018,2023
4,4,230,6000,2018,2023
77,47.68421052631579,70,20000,2018,2023
10,NA,37,22000,2018,2023
0,5.944954128440367,37,30000,2018,2023
15,11.517412935323383,44,13000,2018,2023
34,0,41,5000,2018,2023
15,9.803977272727273,59,10000,2018,2023
8,2.0197368421052633,66,6000,2018,2023
34,8.615853658536585,32,9000,2018,2023
16,5,34,8000,2018,2023
54,5.079207920792079,66,10000,2018,2023
10,NA,36,11000,2018,2023
28,17.504504504504503,36,20000,2018,2023
25,11,43,4300,2018,2023
33,9.329268292682928,90,11000,2018,2023
60,1.4161490683229814,47,6000,2018,2023
7,0,55,12000,2018,2023
66,4.553892215568863,100,18000,2018,2023
66,9,340,7600,2018,2023
16,7.467532467532467,249,10750,2018,2023
51,6.722794959908362,220,6000,2018,2023
21,11.008272058823529,245,12000,2018,2023
56,NA,71,14000,2018,2023
10,14.304556354916068,118,18000,2018,2023
33,15.399049881235154,127,14000,2018,2023
0,12.450901803607215,147,20000,2018,2023
27,NA,96,16000,2018,2023
0,4.1157894736842104,259,10750,2018,2023
5,NA,352,19200,2018,2023
7,5.035849056603774,246,15000,2018,2023
23,NA,296,12900,2018,2023
12,0,214,6000,2018,2023
100,NA,149,17200,2018,2023
36,105,113,22000,2018,2023
101,6,113,12000,2018,2023
8,4,292,12900,2018,2023
8,NA,396,16000,2018,2023
0,17,31,24000,2018,2023
12,6,125,32000,2018,2023
30,8,56,10000,2018,2023
22,6,109,25000,2018,2023
4,2,59,13000,2018,2023
11,NA,36,17200,2018,2023
4,4.292929292929293,113,40000,2018,2023
27,11.068493150684931,74,18000,2018,2023
2,6.481617647058823,56,16000,2018,2023
0,6.031746031746032,43,10000,2018,2023
6,12,34,30000,2018,2023
21,9.5,55,19600,2018,2023
16,13.765690376569038,231,12000,2018,2023
16,0.9009009009009009,183,3000,2018,2023
20,45.895890410958906,140,10000,2018,2023
32,19,69,12900,2018,2023
31,7.16256157635468,54,9000,2018,2023
7,6.305555555555555,60,8600,2018,2023
27,14,37,16000,2018,2023
48,13.11111111111111,42,12900,2018,2023
8,4.3321799307958475,41,12000,2018,2023
35,20.36842105263158,41,24000,2018,2023
28,3.8,41,10000,2018,2023
11,14.722222222222221,38,8000,2018,2023
12,9.616,49,28000,2018,2023
47,NA,52,15000,2018,2023
23,7.4032697547683926,100,16000,2018,2023
38,13.11111111111111,35,6000,2018,2023
14,38.296875,48,17200,2018,2023
5,9.946601941747574,31,17000,2018,2023
7,NA,25,6000,2018,2023
3,NA,25,6000,2018,2023
23,6.572727272727272,37,6000,2018,2023
66,4.9,24,3000,2018,2023
46,NA,155,3800,2018,2023
24,4.2330827067669174,164,12000,2018,2023
38,0,151,12000,2018,2023
10,8.078620689655173,171,12000,2018,2023
12,9.50438596491228,160,8000,2018,2023
40,6,174,15000,2018,2023
19,3,154,19200,2018,2023
14,10,286,10750,2018,2023
37,11.472118959107807,136,8600,2018,2023
17,10.027459954233409,181,24000,2018,2023
20,9.782324058919803,128,8000,2018,2023
2,10.072691552062869,182,6000,2018,2023
12,5.923875432525952,208,21500,2018,2023
13,4,96,30000,2018,2023
16,12.814924114671163,741,14000,2018,2023
18,9.855369335816263,386,20000,2018,2023
4,9.855369335816263,386,20000,2018,2023
16,3.3743396226415094,234,10750,2018,2023
20,17.740932642487046,36,8000,2018,2023
2,1.5236051502145922,122,20000,2018,2023
6,NA,32,30000,2018,2023
8,11.496350364963504,120,10000,2018,2023
16,12.08133971291866,101,18000,2018,2023
23,11,102,8000,2018,2023
51,7.438687392055268,214,4000,2018,2023
25,5.0785340314136125,100,20000,2018,2023
30,8.396782841823056,82,10000,2018,2023
28,7.69438202247191,93,10000,2018,2023
54,16.049668874172184,88,12000,2018,2023
9,7.532894736842105,135,9000,2018,2023
32,6.373493975903615,60,16000,2018,2023
24,12,82,10000,2018,2023
47,14.219101123595506,59,16000,2018,2023
25,15.73482428115016,58,6000,2018,2023
28,7.088772845953002,158,10000,2018,2023
18,104.14606741573034,27,16000,2018,2023
12,25,38,8400,2018,2023
4,6.026666666666666,216,12000,2018,2023
14,5.559928443649373,155,10000,2018,2023
53,11.730021598272138,135,30000,2018,2023
8,11,175,21500,2018,2023
5,14.691624365482234,229,12000,2018,2023
8,6.075503355704698,116,50000,2018,2023
0,NA,192,10000,2018,2023
22,17.359179019384264,173,12900,2018,2023
49,14.214876033057852,188,12000,2018,2023
199,37.9360568383659,201,30100,2018,2023
16,5.082644628099174,189,20000,2018,2023
105,27.02488765986865,626,7600,2018,2023
74,8.980846634281749,714,40000,2018,2023
23,16,709,12000,2018,2023
0,22.916187989556136,1117,6000,2018,2023
5,NA,804,24000,2018,2023
12,9.879677605066206,1195,10000,2018,2023
10,7.829256594724221,924,8600,2018,2023
7,13.562720848056538,775,12000,2018,2023
18,4.078691633088409,1090,7000,2018,2023
20,3.5664670658682636,872,16000,2018,2023
4,NA,1309,46000,2018,2023
10,NA,137,16000,2018,2023
9,2.857142857142857,78,4300,2018,2023
20,2.9491525423728815,91,14000,2018,2023
39,5.410909090909091,97,10000,2018,2023
9,7.88421052631579,140,8000,2018,2023
65,14.577023498694517,83,20000,2018,2023
0,5.975,83,16000,2018,2023
13,19.949656750572082,118,8000,2018,2023
0,5.353204172876304,86,5160,2018,2023
8,36.28169014084507,184,14000,2018,2023
61,71.25790349417638,282,5000,2018,2023
5,4.478079331941545,149,15000,2018,2023
27,19.08433734939759,594,3000,2018,2023
33,13.966666666666667,88,15000,2018,2023
54,19,436,10750,2018,2023
12,NA,89,10000,2018,2023
51,3.3333333333333335,66,5300,2018,2023
28,12,84,15000,2018,2023
23,NA,68,18000,2018,2023
27,10,59,7000,2018,2023
45,19.703703703703702,21,15000,2018,2023
17,14.161654135338345,87,13000,2018,2023
18,12,46,18000,2018,2023
38,6.956834532374101,63,13000,2018,2023
20,15.03347280334728,61,15000,2018,2023
18,21.986206896551725,79,18000,2018,2023
39,26.844155844155843,76,10000,2018,2023
32,29.294117647058822,65,15000,2018,2023
22,9.189655172413794,54,18000,2018,2023
18,9.189655172413794,54,18000,2018,2023
48,10,108,20000,2018,2023
5,3.6042780748663104,84,25000,2018,2023
13,NA,65,5000,2018,2023
10,12.55813953488372,76,18000,2018,2023
16,20.567656765676567,660,28000,2018,2023
57,8.983830292241507,997,6000,2018,2023
10,3.930115273775216,574,8600,2018,2023
31,4.245283018867925,372,15000,2018,2023
6,5.297088094360486,460,15000,2018,2023
16,4.724601175482787,344,22000,2018,2023
45,20.5814696485623,310,8000,2018,2023
5,6,363,43000,2018,2023
19,0,374,24000,2018,2023
30,NA,1402,8000,2018,2023
16,10.013954535223947,1693,7000,2018,2023
30,15.991513061928126,2363,6000,2018,2023
3,NA,2761,12000,2018,2023
42,4.526115342763874,1246,12000,2018,2023
9,10.959501557632398,140,4307,2018,2023
24,3,161,7000,2018,2023
16,3.630952380952381,194,2500,2018,2023
15,5.889908256880734,140,14000,2018,2023
9,6.911487758945386,145,11600,2018,2023
5,NA,293,8600,2018,2023
8,5.837177747625509,156,2500,2018,2023
25,10,106,8000,2018,2023
45,2.878021978021978,101,1500,2018,2023
23,2,119,12000,2018,2023
22,5.905437352245863,166,17000,2018,2023
18,1.4575471698113207,103,10000,2018,2023
22,9,201,8000,2018,2023
34,7.9784172661870505,138,12000,2018,2023
36,3,104,16000,2018,2023
14,4,158,10000,2018,2023
5,7,807,8000,2018,2023
14,1.2742424242424242,841,4000,2018,2023
20,3.5543766578249336,134,12000,2018,2023
25,13.026865671641792,166,10000,2018,2023
19,4.488151658767772,108,5000,2018,2023
18,5.847775175644028,133,16000,2018,2023
18,11.095744680851064,61,20000,2018,2023
28,17,53,14000,2018,2023
3,0,51,6000,2018,2023
3,3.612021857923497,125,6450,2018,2023
76,34.76331360946745,92,40000,2018,2023
10,1.5,53,30000,2018,2023
66,14.676923076923076,69,15000,2018,2023
9,6.925233644859813,70,6450,2018,2023
53,9.364406779661017,82,9600,2018,2023
4,5.121848739495798,149,40000,2018,2023
13,NA,49,9000,2018,2023
15,2,66,16000,2018,2023
2,4.553606237816764,91,9600,2018,2023
23,17,53,8600,2018,2023
63,58,151,27000,2018,2023
11,5,96,20000,2018,2023
54,2.525,59,10000,2018,2023
23,13.141891891891891,78,8600,2018,2023
47,12.591263650546022,186,10000,2018,2023
21,5.2148541114058355,202,10000,2018,2023
63,1.1673519736842106,413,700,2018,2023
2,3.7640385706182644,300,15000,2018,2023
0,2.1687797147385104,416,15000,2018,2023
17,4.326133909287257,527,34000,2018,2023
0,7,407,18000,2018,2023
2,0,397,15000,2018,2023
23,14.306976744186047,127,8000,2018,2023
4,13.153846153846153,88,20000,2018,2023
23,4.608333333333333,79,3000,2018,2023
6,4.30188679245283,111,11000,2018,2023
15,9.311475409836065,84,8000,2018,2023
20,11.89873417721519,75,15000,2018,2023
35,36.376344086021504,93,20000,2018,2023
31,6.306521739130435,216,30000,2018,2023
44,NA,374,5000,2018,2023
14,7.235446313065976,186,20000,2018,2023
34,14.504283965728273,357,24000,2018,2023
22,2.5,377,8063,2018,2023
31,11.50765306122449,199,20000,2018,2023
22,7.324324324324325,221,8000,2018,2023
7,2.9347079037800685,311,3000,2018,2023
33,35,262,1000,2018,2023
14,7,134,26000,2018,2023
13,10.236151603498543,270,14000,2018,2023
23,14,1361,10000,2018,2023
12,6.15944540727903,931,20000,2018,2023
5,1,189,30000,2018,2023
114,26.602678571428573,121,10000,2018,2023
46,2.5810306198655715,216,25000,2018,2023
35,3.4014550264550265,322,14000,2018,2023
91,20.573091849935317,216,12000,2018,2023
16,30,131,8000,2018,2023
11,4,381,24000,2018,2023
1,1.259016393442623,167,5800,2018,2023
36,28.361945636623748,238,14000,2018,2023
29,5.043290043290043,125,11000,2018,2023
36,20.316747572815533,121,9000,2018,2023
29,14.180582524271845,121,10000,2018,2023
18,5,327,11800,2018,2023
19,14.212121212121213,191,20400,2018,2023
30,3,286,20000,2018,2023
21,17,237,6000,2018,2023
39,9.896353166986565,154,10000,2018,2023
22,10.666141732283464,211,12000,2018,2023
26,99,159,26000,2018,2023
0,0,159,8000,2018,2023
23,40.83386581469649,103,14000,2018,2023
27,2.0392156862745097,106,18000,2018,2023
23,8.982968369829683,136,16000,2018,2023
20,3.8821138211382116,113,8000,2018,2023
6,29.073170731707318,142,6000,2018,2023
16,NA,744,22000,2018,2023
21,2.010860484544695,605,19000,2018,2023
44,3.1553930530164536,98,14000,2018,2023
1,5.864244741873805,195,6450,2018,2023
39,55.609022556390975,152,10750,2018,2023
15,49.713656387665196,113,10000,2018,2023
4,NA,145,10000,2018,2023
23,14.41922290388548,170,5000,2018,2023
33,16,50,12000,2018,2023
50,14,64,17000,2018,2023
14,2.732673267326733,64,5000,2018,2023
12,4.535714285714286,52,10000,2018,2023
19,7.3991031390134525,86,20500,2018,2023
29,5.6584734799482534,277,10000,2018,2023
47,10.036225779275485,491,20000,2018,2023
10,7.386934673366834,101,2000,2018,2023
28,23.408602150537636,106,20000,2018,2023
15,9.129817444219068,144,10000,2018,2023
19,24,93,10600,2018,2023
16,14.65358361774744,366,12000,2018,2023
16,19.318831942789036,425,10000,2018,2023
16,4.666666666666667,505,16000,2018,2023
13,16.581993569131832,92,10000,2018,2023
15,4.009280742459397,133,20000,2018,2023
30,16.040372670807454,219,20000,2018,2023
32,11.222493887530563,135,9000,2018,2023
61,11.5,144,20000,2018,2023
30,12.667322834645669,715,18000,2018,2023
32,5.8325559701492535,2425,4000,2018,2023
19,0,1421,10000,2018,2023
10,10.191938579654511,168,12000,2018,2023
7,6.358949416342412,155,8000,2018,2023
6,9.85735294117647,237,10000,2018,2023
24,18.74451754385965,204,8449,2018,2023
33,7.650828729281768,195,10000,2018,2023
21,1.8993006993006993,121,1720,2018,2023
8,14.948051948051948,156,16000,2018,2023
16,3.901156677181914,407,10000,2018,2023
6,4.85514403292181,253,12000,2018,2023
34,7.57360959651036,327,10000,2018,2023
16,9.125858123569794,224,4000,2018,2023
10,2.731707317073171,42,8000,2018,2023
40,10.679012345679013,35,16000,2018,2023
20,17.654545454545456,56,20000,2018,2023
7,4.705882352941177,84,14000,2018,2023
22,41,58,8000,2018,2023
45,14.5,47,40000,2018,2023
24,3.8296296296296295,47,10000,2018,2023
9,5.037128712871287,83,28000,2018,2023
14,6.768844221105527,60,20000,2018,2023
49,32.75757575757576,76,6000,2018,2023
63,9.329268292682928,74,10000,2018,2023
58,14.636363636363637,45,5000,2018,2023
30,7,38,24000,2018,2023
7,7.445652173913044,51,9000,2018,2023
50,12.685393258426966,300,8600,2018,2023
65,0,171,15000,2018,2023
4,4.2,48,14000,2018,2023
34,10.984375,60,8000,2018,2023
73,51,74,5000,2018,2023
18,NA,177,28000,2018,2023
15,18.68407310704961,218,12900,2018,2023
4,8.95,176,70000,2018,2023
100,1,196,25000,2018,2023
9,65.38345864661655,176,10000,2018,2023
101,NA,99,20000,2018,2023
32,NA,75,15000,2018,2023
12,NA,172,40000,2018,2023
22,4,145,20000,2018,2023
7,3,320,13975,2018,2023
24,4,435,10750,2018,2023
38,3.7184923439340403,225,12900,2018,2023
7,4,275,21500,2018,2023
2,2,186,30000,2018,2023
0,NA,238,25000,2018,2023
5,NA,47,29000,2018,2023
28,5,34,40000,2018,2023
6,NA,34,26000,2018,2023
3,NA,77,25000,2018,2023
13,8,68,16000,2018,2023
34,11.992957746478874,42,20000,2018,2023
75,32,31,34400,2018,2023
53,8,65,10000,2018,2023
1,1.1711711711711712,65,20000,2018,2023
30,4.930232558139535,44,10000,2018,2023
21,5.764705882352941,60,18000,2018,2023
29,NA,60,31800,2018,2023
10,10,53,16000,2018,2023
45,31,35,32000,2018,2023
7,11.716129032258065,46,70000,2018,2023
11,1,41,12000,2018,2023
4,9.5,65,20000,2018,2023
38,18.522633744855966,74,15000,2018,2023
33,31.02675585284281,159,50000,2018,2023
23,2,123,7000,2018,2023
24,8.993464052287582,43,8600,2018,2023
26,7,58,24000,2018,2023
16,9.189473684210526,43,12000,2018,2023
32,40,26,10600,2018,2023
37,13.454545454545455,24,15000,2018,2023
9,4.3321799307958475,53,12900,2018,2023
11,10.02,35,10400,2018,2023
10,7.333333333333333,72,23000,2018,2023
37,3.8,41,16000,2018,2023
16,6,64,12000,2018,2023
26,2,51,12000,2018,2023
32,7.925465838509317,45,14000,2018,2023
4,4.326693227091633,69,16000,2018,2023
24,7.023255813953488,96,20000,2018,2023
8,4.913043478260869,24,11200,2018,2023
9,35.9622641509434,17,17000,2018,2023
7,NA,25,5000,2018,2023
33,11.072072072072071,28,10000,2018,2023
30,4.9,24,5000,2018,2023
23,4.540307101727447,184,9000,2018,2023
28,9.50438596491228,125,10000,2018,2023
18,23.38095238095238,114,24000,2018,2023
40,18.601796407185628,221,20000,2018,2023
0,1.4879032258064515,125,4000,2018,2023
33,5,139,11000,2018,2023
20,NA,155,3000,2018,2023
65,14.963730569948186,147,12900,2018,2023
16,5.113636363636363,175,12900,2018,2023
18,12.04885993485342,203,10000,2018,2023
0,3.453416149068323,130,30000,2018,2023
35,16.485981308411215,106,12900,2018,2023
3,NA,58,8600,2018,2023
68,11.10948905109489,84,14000,2018,2023
22,5.158878504672897,99,129000,2018,2023
9,10.470588235294118,13,16000,2018,2023
24,NA,113,25000,2018,2023
14,14.880952380952381,74,13400,2018,2023
24,7.402777777777778,29,22000,2018,2023
16,7,80,19600,2018,2023
8,NA,27,10000,2018,2023
18,0,32,6000,2018,2023
8,23,81,15000,2018,2023
9,7.701986754966887,114,11800,2018,2023
9,2.9494163424124515,78,20000,2018,2023
50,42,55,16000,2018,2023
16,4,71,4300,2018,2023
13,4.213836477987422,142,6667,2018,2023
14,5,39,5000,2018,2023
139,28,75,20000,2018,2023
28,9.610878661087867,107,5000,2018,2023
19,6.617647058823529,83,8000,2018,2023
28,5.282442748091603,75,5000,2018,2023
24,12.693827160493827,128,10000,2018,2023
24,2.8695150115473442,89,10000,2018,2023
6,7.913385826771654,72,14000,2018,2023
23,9.340425531914894,90,10000,2018,2023
10,7.69438202247191,91,14000,2018,2023
16,NA,77,18000,2018,2023
7,NA,75,9000,2018,2023
8,2,88,18000,2018,2023
22,5.744394618834081,102,7000,2018,2023
27,3.6666666666666665,80,30000,2018,2023
15,0,92,10000,2018,2023
29,10.370757180156659,117,9000,2018,2023
22,7.088772845953002,117,8000,2018,2023
104,104,21,44000,2018,2023
15,7,28,7000,2018,2023
14,10.33774834437086,30,12000,2018,2023
17,3,68,23650,2018,2023
17,8.229885057471265,68,16000,2018,2023
20,31,430,6000,2018,2023
27,7.8568181818181815,178,40000,2018,2023
5,5.559928443649373,130,15000,2018,2023
11,NA,123,30100,2018,2023
22,6.938856015779093,131,20000,2018,2023
27,4.240963855421687,138,10000,2018,2023
10,6.075503355704698,121,60000,2018,2023
5,2,162,14000,2018,2023
5,3.202363367799114,122,20000,2018,2023
10,9.139759036144579,134,26000,2018,2023
3,2.1496062992125986,235,7000,2018,2023
37,99,290,20000,2018,2023
23,9.088888888888889,250,20000,2018,2023
26,6.773065150852646,1549,12900,2018,2023
17,6,784,20000,2018,2023
17,NA,1024,30000,2018,2023
12,3.5643996960486324,717,14000,2018,2023
34,14.513444767441861,899,30000,2018,2023
38,7,989,12000,2018,2023
0,7.829256594724221,837,16000,2018,2023
40,2.940809968847352,1567,11000,2018,2023
9,22.127848804891606,740,12400,2018,2023
10,3.411392405063291,81,12000,2018,2023
10,0,88,6000,2018,2023
25,NA,110,16000,2018,2023
43,17,122,10000,2018,2023
25,11.137521222410866,81,12000,2018,2023
7,6.5,82,14000,2018,2023
18,2.1941489361702127,72,5000,2018,2023
50,17.515060240963855,192,12000,2018,2023
23,8.067857142857143,98,16000,2018,2023
21,5.935483870967742,121,16000,2018,2023
52,3,84,10000,2018,2023
23,2.909090909090909,104,15000,2018,2023
35,9.498575498575498,158,8000,2018,2023
85,8.560790273556231,129,2000,2018,2023
23,2,777,8000,2018,2023
25,3,151,10000,2018,2023
17,NA,237,10000,2018,2023
47,7,624,10000,2018,2023
89,21.047430830039527,90,3000,2018,2023
23,7.099337748344371,67,16000,2018,2023
27,3.3333333333333335,55,8000,2018,2023
45,4.333333333333333,64,12900,2018,2023
31,6.956834532374101,68,10000,2018,2023
2,37,102,62000,2018,2023
18,9.189655172413794,56,10000,2018,2023
16,13,69,17200,2018,2023
16,12.5,55,12900,2018,2023
68,7.076023391812866,79,28000,2018,2023
8,NA,401,5000,2018,2023
16,15,516,10000,2018,2023
11,12.276441216522922,407,13000,2018,2023
19,70.41074249605056,687,20000,2018,2023
50,20.5814696485623,316,12900,2018,2023
4,0,729,28000,2018,2023
39,16.59861111111111,683,18000,2018,2023
32,11.691855063487148,1154,15000,2018,2023
17,NA,1014,12000,2018,2023
4,7.5947424606351746,1696,30100,2018,2023
16,2.6767179812728137,2075,16000,2018,2023
45,20,930,8000,2018,2023
23,6,1264,16000,2018,2023
25,NA,221,15000,2018,2023
10,5.887724550898204,163,50000,2018,2023
12,0.5,1208,15000,2018,2023
6,0.5,1208,10000,2018,2023
23,8,150,6500,2018,2023
30,3,177,20000,2018,2023
19,NA,181,24000,2018,2023
14,NA,181,25000,2018,2023
24,10,171,22000,2018,2023
6,NA,113,10000,2018,2023
52,39,416,50000,2018,2023
11,7.9784172661870505,141,20000,2018,2023
13,5.411907654921021,117,10000,2018,2023
28,6.209677419354839,162,20000,2018,2023
2,7,253,20000,2018,2023
26,NA,296,8200,2018,2023
16,1.0977272727272727,828,10900,2018,2023
27,2.2455322455322455,1260,20000,2018,2023
28,11,248,27950,2018,2023
2,2,202,60000,2018,2023
19,6,106,10000,2018,2023
31,6.636540330417882,131,15000,2018,2023
25,8.454545454545455,120,13000,2018,2023
8,12.390197926484449,222,18000,2018,2023
51,0,580,5000,2018,2023
5,7.0578512396694215,61,4000,2018,2023
33,9.981132075471699,30,15000,2018,2023
57,11.200680272108844,59,14000,2018,2023
70,17.164772727272727,54,23650,2018,2023
12,NA,83,9000,2018,2023
16,11.793103448275861,57,20000,2018,2023
46,11.793103448275861,57,20000,2018,2023
35,11.402366863905325,55,9000,2018,2023
16,30,68,14000,2018,2023
31,NA,88,9000,2018,2023
24,2.752439024390244,183,1200,2018,2023
11,NA,183,8000,2018,2023
7,3.360655737704918,160,12000,2018,2023
6,2,691,12000,2018,2023
31,11.945434703528555,706,14000,2018,2023
35,6.94044665012407,397,36000,2018,2023
0,2.4959473150962515,324,25800,2018,2023
63,13.911220715166461,402,20000,2018,2023
10,2.8492239467849223,514,26000,2018,2023
16,12,183,30000,2018,2023
2,6.420634920634921,645,20000,2018,2023
14,9.514563106796116,38,9000,2018,2023
30,14.306976744186047,95,12000,2018,2023
12,6.333333333333333,137,6000,2018,2023
59,17,142,10500,2018,2023
22,3,36,4000,2018,2023
4,3.728,106,14000,2018,2023
12,5.821958456973293,101,10000,2018,2023
48,17.808,159,30000,2018,2023
49,22.671916010498688,112,5000,2018,2023
98,31.532467532467532,62,18000,2018,2023
22,12.09322033898305,80,35000,2018,2023
11,7.373134328358209,76,13000,2018,2023
0,7.373134328358209,76,10000,2018,2023
26,4.138442521631644,361,48000,2018,2023
15,7,153,19000,2018,2023
19,10.817980022197558,276,6700,2018,2023
43,16.27977315689981,584,18000,2018,2023
16,11.423728813559322,218,11800,2018,2023
16,8,240,24000,2018,2023
48,13.18082788671024,283,16000,2018,2023
14,9.927461139896373,69,10000,2018,2023
9,9.927461139896373,69,6000,2018,2023
13,9.927461139896373,69,14000,2018,2023
7,9,150,21500,2018,2023
14,7,112,6000,2018,2023
18,1.2702702702702702,220,30000,2018,2023
4,NA,273,22000,2018,2023
29,17,133,12000,2018,2023
29,NA,87,11000,2018,2023
23,3.189655172413793,322,12000,2018,2023
17,9,152,12900,2018,2023
22,2.413237924865832,103,13000,2018,2023
27,5.703389830508475,185,25000,2018,2023
37,5.043290043290043,162,14000,2018,2023
12,20.316747572815533,157,13000,2018,2023
10,NA,192,46000,2018,2023
53,4.439024390243903,292,14000,2018,2023
22,14.212121212121213,304,25000,2018,2023
9,10.360501567398119,273,8600,2018,2023
32,2,251,12000,2018,2023
17,5.35536688902365,632,17000,2018,2023
16,2,273,24000,2018,2023
9,NA,133,26000,2018,2023
8,NA,281,15000,2018,2023
14,11.387944358578052,151,5000,2018,2023
25,11.885017421602788,143,20000,2018,2023
29,NA,527,30000,2018,2023
21,43,139,8000,2018,2023
15,0,62,20000,2018,2023
26,5.420718816067653,112,12000,2018,2023
30,8.483193277310924,123,14000,2018,2023
17,NA,466,16000,2018,2023
64,NA,238,12000,2018,2023
15,32.35021097046413,132,16000,2018,2023
28,55.609022556390975,156,7000,2018,2023
14,9.955445544554456,128,2000,2018,2023
14,NA,168,9000,2018,2023
17,7.9375,143,8000,2018,2023
22,0,135,20000,2018,2023
21,5.894736842105263,172,20000,2018,2023
30,12.742182514358648,421,8600,2018,2023
23,NA,361,10000,2018,2023
29,6,250,19460,2018,2023
14,8,422,8600,2018,2023
6,4,53,10000,2018,2023
29,18.9811320754717,44,20000,2018,2023
51,18.356020942408378,58,12000,2018,2023
40,6,63,18000,2018,2023
23,NA,60,6000,2018,2023
19,NA,95,16000,2018,2023
30,4,74,20000,2018,2023
19,0,66,14000,2018,2023
24,7.3991031390134525,88,16000,2018,2023
27,6.752808988764045,63,12000,2018,2023
33,8,63,24000,2018,2023
28,5.996309963099631,63,13600,2018,2023
19,0,366,5000,2018,2023
43,20.467505241090148,181,10000,2018,2023
35,30.703096539162114,125,14000,2018,2023
12,5.977528089887641,120,15050,2018,2023
24,10,116,15050,2018,2023
40,9.204210526315789,375,11000,2018,2023
36,28,592,10000,2018,2023
22,0,492,30000,2018,2023
23,10,68,17000,2018,2023
21,NA,52,10200,2018,2023
66,8.036363636363637,106,8000,2018,2023
28,1.7757009345794392,57,24000,2018,2023
9,13.901907356948229,98,10750,2018,2023
19,3.4004739336492893,98,7000,2018,2023
7,NA,47,10000,2018,2023
7,0,40,20000,2018,2023
26,0,466,2150,2018,2023
15,7.889666666666667,487,4000,2018,2023
4,3,167,17200,2018,2023
9,27.252747252747252,153,7310,2018,2023
13,4.300768386388584,164,12000,2018,2023
21,11.062857142857142,93,24000,2018,2023
4,9.85735294117647,213,6450,2018,2023
22,8.818823529411764,156,25000,2018,2023
15,5.636655948553055,147,21500,2018,2023
15,NA,175,34000,2018,2023
13,3.51440329218107,140,6000,2018,2023
6,6,186,20000,2018,2023
16,3.5,186,12900,2018,2023
24,50.5,105,6000,2018,2023
30,6.706827309236948,122,6300,2018,2023
8,4.421052631578948,48,16000,2018,2023
59,10.178947368421053,43,10000,2018,2023
35,1.9428571428571428,51,7000,2018,2023
10,2,50,18000,2018,2023
45,12.545454545454545,46,6400,2018,2023
39,10.653992395437262,58,36000,2018,2023
15,5.079207920792079,43,12000,2018,2023
43,21,88,15000,2018,2023
42,45.505050505050505,61,13000,2018,2023
200,114.7090909090909,26,10000,2018,2023
26,4.5,40,20000,2018,2023
16,4.989583333333333,56,10000,2018,2023
